mcpServerId,toolId
2c25821e-c0a4-4d19-90c4-4b74c1f8f89d,1bbfce06-371b-4a78-9ed4-c520555390c9
046f4304-de77-40bc-9d69-b11ded8453f1,82b17153-042d-437a-830d-c4bf3b6eb914
3d083e72-da0d-4f0f-898a-017b625a51d9,054afc43-8f67-4205-8fb8-bc24b1020882
2279c8c3-40a0-45ff-9fe6-a4687d639355,07e2d0ca-5815-4162-8480-4b933fb37912
dacf1ab5-e47d-4dee-b017-1b94d31d8221,1bbfce06-371b-4a78-9ed4-c520555390c9
17ca7481-a250-4dcf-97cd-686790472886,90918041-5c8b-40e7-9268-6aa80b150f8b
046f4304-de77-40bc-9d69-b11ded8453f1,bc0b3659-ff74-4c07-91e5-8fbd813707f3
2c25821e-c0a4-4d19-90c4-4b74c1f8f89d,bc0b3659-ff74-4c07-91e5-8fbd813707f3
bf1a7154-6f80-44d5-bd05-e1497fe0814f,07e2d0ca-5815-4162-8480-4b933fb37912
bf1a7154-6f80-44d5-bd05-e1497fe0814f,1bbfce06-371b-4a78-9ed4-c520555390c9
