promptId,name,description,catalog,promptType,version,language,owner,status,body
b13a20b9-478d-4957-983d-52241c16e469,Prompt GeDr,General forward force high risk former.,Enterprise AI Catalog,Extraction,3.1.0,French,Hydrologist,Approved,For out cover throw work then result. Song set together light growth.
be1ba41b-aaf5-4a52-8185-e507560b4da0,Prompt Byxv,Material size difficult bag himself.,Enterprise AI Catalog,Generation,7.8.0,German,Adult guidance worker,Deprecated,Manager usually beyond animal author dinner before. Response notice expect because owner knowledge writer team. Prepare since short only. According guess individual parent project beyond partner.
434fddcb-86b0-4b12-aafe-f1551f365e10,Prompt ONcS,Billion and figure large never four environment.,Enterprise AI Catalog,Classification,1.4.0,French,Immunologist,Approved,Newspaper decision experience as better apply education.
dcdcedb5-95af-416e-abdb-1e45453f609a,Prompt svtr,Various relate affect book.,Enterprise AI Catalog,Classification,1.7.0,German,"Psychologist, occupational",Deprecated,Tree coach week anything seek. Page down look spend.
811e17db-2875-4103-b123-47fb9da0906a,Prompt hswb,Base alone physical benefit sense nor.,Enterprise AI Catalog,Generation,1.6.0,German,Magazine features editor,Approved,Research by tax stuff pull find relate. Not least success arm finish mind month.
f9e9c222-4e3f-421f-9191-2d87ccc9cbbf,Prompt elty,Particularly upon music upon class east science into.,Enterprise AI Catalog,Extraction,5.3.0,German,"Engineer, manufacturing systems",Approved,Remember report hundred couple low. Author analysis rest message.
b91be5d0-e44a-4da4-85a0-6808529ca7e6,Prompt tyLV,Here true scene guess allow smile mother.,Enterprise AI Catalog,Other,4.6.0,French,"Physicist, medical",Approved,Others while detail impact hit prepare. Worry cultural event end writer send ago. Class music garden whom anyone.
41f9d323-147e-4701-a672-95f08be681bd,Prompt jazb,Rise alone term tough way call worry.,Enterprise AI Catalog,Classification,8.8.0,German,Cabin crew,Draft,Care audience theory daughter truth music. Stay training carry less.
2a5792d2-0740-48ad-b0eb-9bf2fbbddd35,Prompt gFBt,Season way act step film.,Enterprise AI Catalog,Classification,3.4.0,French,"Buyer, industrial",Draft,Movement message eye many. Finally finally performance their then seek.
88491f9a-fef8-422e-8fc7-aab48b60b02d,Prompt FRtN,Dream gas recent maintain rule less.,Enterprise AI Catalog,Task,9.6.0,German,Advertising art director,Deprecated,Theory situation by long other. Believe walk author public mean guy whose. Pick card this. Common window step prove letter.
